,id,title,artist,genre
0,2,	Tonight  A Lonely Century	,The New Mystikal Troubadours	,	Blues	
1,3,	DD Groove	,Kevin MacLeod	,	Blues	
2,4,	Slow Burn	,Kevin MacLeod	,	Blues	
3,5,	Nothing Much	,My Bubba & Mi	,	Blues	
4,7,	Hustle	,Kevin MacLeod	,	Blues	
5,8,	Dirt Rhodes	,Kevin MacLeod	,	Blues	
6,10,	Stormy Blues	,Arne Bang Huseby	,	Blues	
7,12,	Rebel Blues	,Sul Rebel	,	Blues	
8,13,	Oh Kiss No	,My Bubba & Mi	,	Blues	
9,17,	Fjcb Reddit Gtr Fills Mix	,Phoephus	,	Blues	
10,18,	Beat The Devil's Tattoo (Live @ KEXP)	,Black Rebel Motorcycle Club	,	Blues	
11,19,	Vultures	,WHO'S PANDA	,	Blues	
12,20,	Blues Shuffle in A One Take Improv Exercise	,Stevie's Amp Shack	,	Blues	
13,21,	My War Blues	,Cian Nugent	,	Blues	
14,22,	The Holy Feele	,The New Mystikal Troubadours	,	Blues	
15,24,	Workin Boy Blues	,Bombay Laughing Club	,	Blues	
16,25,	RL Got Soul	,The Jon Spencer Blues Explosion	,	Blues	
17,31,	All is Right	,Short Hand	,	Blues	
18,32,	Princely & Comely	,The Agrarians	,	Blues	
19,35,	Apoli	,Olima Anditi	,	Blues	
20,37,	Afro	,The Jon Spencer Blues Explosion	,	Blues	
21,39,	Ramblin' Rose	,Barrence Whitfield and The Savages	,	Blues	
22,40,	You And Me Baby (Holding On) (Live @ KEXP)	,Chuck Prophet	,	Blues	
23,41,	Like Nothing Else	,The New Mystikal Troubadours	,	Blues	
24,42,	A Cinematic Influence	,The New Mystikal Troubadours	,	Blues	
25,43,	PuritansToo ,The Agrarians	,	Blues	
26,44,	Walkabout	,Digital Primitives	,	Blues	
27,45,	Untitled 05	,Mountain Cult	,	Blues	
28,46,	Shes Too Fat	,Little Howlin' Wolf	,	Blues	
29,47,	Boulevard St Germain	,Jahzzar	,	Blues	
30,48,	Our Sacred Cues	,The New Mystikal Troubadours	,	Blues	
31,49,	Our Nights on the Turnpike	,The Agrarians	,	Blues	
32,50,	Railroad's Whiskey Co	,Jahzzar	,	Blues	
33,51,	Fathers Tell Yr Sons ,The Agrarians	,	Blues	
34,52,	Recognize An Hour Divine	,The Agrarians	,	Blues	
35,53,	Owed to Old Poets  Our Role in the Play	,The New Mystikal Troubadours	,	Blues	
36,54,	Broken	,Fit and the Conniptions	,	Blues	
37,55,	Baby Please Don't Go ,Big Bill Broonzy	,	Blues	
38,56,	Fafa	,Vieux Farka Touré	,	Blues	
39,58,	Nothing's Any Fun Any More	,Fit and the Conniptions	,	Blues	
40,59,	The Truth Is What We Make of It	,The Agrarians	,	Blues	
41,60,	Heat Index	,Michael Chapman & The Woodpiles	,	Blues	
42,62,	Baby's Got Morphine Eyes	,Zombie Prom Queen	,	Blues	
43,64,	Jungle Love Revisited	,The New Mystikal Troubadours	,	Blues	
44,65,	Bellbottoms	,The Jon Spencer Blues Explosion	,	Blues	
45,67,	Gadzooks	,The Jon Spencer Blues Explosion	,	Blues	
46,68,	Sixes & Sevens (Excerpt)	,Cian Nugent	,	Blues	
47,69,	Keep Your Lamp Trimmed And Burning [traditional]	,Billy Childish	,	Blues	
48,70,	Deportee	,Michael Chapman & The Woodpiles	,	Blues	
49,71,	The Daily Dose Age	,The Agrarians	,	Blues	
50,72,	Bona Fide	,Crete Boom	,	Blues	
51,73,	Lalalala	,Solo Dja Kabako	,	Blues	
52,74,	Interview	,Mount Carmel	,	Blues	
53,76,	Untitled 07	,Mountain Cult	,	Blues	
54,77,	Yr Blues Tripping	,The Rope River Blues Band	,	Blues	
55,78,	How to go to sleep	,Mr. & Mrs. Smith	,	Blues	
56,79,	No Holiday	,Digital Primitives	,	Blues	
57,80,	Roulette	,Lorenzo's Music	,	Blues	
58,81,	The Newest Fashions	,The Agrarians	,	Blues	
59,82,	Goin On	,Mr. & Mrs. Smith	,	Blues	
60,83,	If You Love Me Like You Say	,Paul  Wine  Jones	,	Blues	
61,84,	Swallow Me Up	,Mount Carmel	,	Blues	
62,85,	Out Of Our Heads	,Lantern	,	Blues	
63,86,	Eat at Joe's	,Eat at Joe's	,	Blues	
64,87,	Untitled 04	,Mountain Cult	,	Blues	
65,88,	We All Fall Down	,Lorenzo's Music	,	Blues	
66,89,	Common Experiences Man ,The New Mystikal Troubadours	,	Blues	
67,90,	Wood For The Trees	,Fit and the Conniptions	,	Blues	
68,91,	One	,Sim Cain	,	Blues	
69,92,	Further	,The Rope River Blues Band	,	Blues	
70,93,	Waitin' (Live @ KEXP)	,Betsy Olson	,	Blues	
71,95,	Old Strange	,Steve Gunn	,	Blues	
72,96,	Aces and Twos (Live @ KEXP)	,The Devil Makes Three	,	Blues	
73,98,	The Index of Memory	,The Agrarians	,	Blues	
74,99,	Chamber Blues' Tidal Band Presents	,The New Mystikal Troubadours	,	Blues	
75,101,	Least the Ocean is Wet	,Mr. & Mrs. Smith	,	Blues	
76,102,	Electricity	,Marisa Anderson	,	Blues	
77,103,	Untitled 01	,Mountain Cult	,	Blues	
78,104,	Ben Jonson's Blues	,The Rope River Blues Band	,	Blues	
79,105,	Girl Might Do	,mojo monkeys	,	Blues	
80,106,	Wander In A Dream	,Fit and the Conniptions	,	Blues	
81,107,	We Three Kings	,Tarred Brigade	,	Blues	
82,108,	Giving Away The Bride (Live @ KEXP)	,Califone	,	Blues	
83,109,	You're the Wave  Wander!	,The Agrarians	,	Blues	
84,110,	(Come On and Feele) The Faith in Me	,The Agrarians	,	Blues	
85,111,	Drop Down Low	,Jawbone	,	Blues	
86,112,	Big Mamou	,Barrence Whitfield and The Savages	,	Blues	
87,113,	(Shuffling Towards) Art's Holy Shrine	,The New Mystikal Troubadours	,	Blues	
88,114,	Inne (Live @ KEXP)	,Vieux Farka Touré	,	Blues	
89,115,	Bip Bop Bip	,Barrence Whitfield and The Savages	,	Blues	
90,116,	Mistress Song	,Fit and the Conniptions	,	Blues	
91,117,	Queen of Loneliness	,Delta Dreambox	,	Blues	
92,118,	America	,Cooper-Moore & Assif Tsahar	,	Blues	
93,119,	Ethio Song	,Amen Dunes	,	Blues	
94,120,	Mr Franklin	,Steve Gunn	,	Blues	
95,121,	The not so flashy Exit	,Mr. & Mrs. Smith	,	Blues	
96,122,	The Attack of Ev'ry Time	,The Agrarians	,	Blues	
97,123,	Awei Womei (Live @ KEXP)	,Vieux Farka Touré	,	Blues	
98,124,	The Banks of Eternity	,The Agrarians	,	Blues	
99,125,	Songtress' Sweet Song	,The Agrarians	,	Blues	
100,126,	Le petit jardin (with Les Gauchers Orchestra)	,Lee Maddeford	,	Classical	
101,127,	Sunset	,Evgeny Grinko	,	Classical	
102,128,	Veloma	,Fabrizio Paterlini	,	Classical	
103,129,	Sneeuwland	,Oskar Schuster	,	Classical	
104,130,	Strides	,Jared C. Balogh	,	Classical	
105,131,	Wonderland (Instrumental)	,Dexter Britain	,	Classical	
106,133,	Aleph	,Ophir Ilzetzki	,	Classical	
107,134,	Summers Coming	,Dexter Britain	,	Classical	
108,135,	O Solitude (H	,Jody Pou	,	Classical	
109,136,	Fourth	,Mystic Morrison Visions	,	Classical	
110,137,	 I	,Aaron Dunn-Sonatina No. 1 in C Major 	,	Classical	
111,138,	Encounters With Abusive Men	,Silver Process	,	Classical	
112,140,	Shaking Off The Rust	,Jared C. Balogh	,	Classical	
113,142,	 Carosello	,Circus Marcus-Aux puces nº2 	,	Classical	
114,143,	Aux puces nº5	,Circus Marcus	,	Classical	
115,144,	The Passing of Time	,krackatoa	,	Classical	
116,145,	The Forest and the Trees	,Kevin MacLeod	,	Classical	
117,146,	Nine	,Marcel Pequel	,	Classical	
118,148,	Bending Light Infinity version	,krackatoa	,	Classical	
119,149,	Gagool	,Kevin MacLeod	,	Classical	
120,150,	Bow to Your Neighbor (Excerpt)	,Steven Arntson	,	Classical	
121,151,	Pacifico	,James Beaudreau	,	Classical	
122,152,	The Tea Party	,Dexter Britain	,	Classical	
123,153,	Blizzard	,Evgeny Grinko	,	Classical	
124,154,	Ouverture	,Lee Maddeford	,	Classical	
125,155,	Cyprus	,Jared C. Balogh	,	Classical	
126,156,	Wheel of fortune (with Les Gauchers Orchestra)	,Lee Maddeford	,	Classical	
127,157,	Opening Doors	,Jamie Evans	,	Classical	
128,158,	5 00 AM	,Peter Rudenko	,	Classical	
129,159,	Awaken From A Nightmare	,Silver Process	,	Classical	
130,160,	 Suite for Violin 9 Hora vivace,Advent Chamber Orchestra-Bughici 	,	Classical	
131,161,	O Fortuna	,MIT Concert Choir	,	Classical	
132,162,	Le bal de Rémy	,Circus Marcus	,	Classical	
133,163,	Caught In A Realm	,Jared C. Balogh	,	Classical	
134,164,	Row Night	,Silver Process-Skid	,	Classical	
135,166,	Stop It (Instrumental)	,Dexter Britain	,	Classical	
136,167,	 Les chaises Louis XVI	,Circus Marcus-Aux puces nº1 	,	Classical	
137,168,	Funeral March for Brass	,Kevin MacLeod	,	Classical	
138,169,	Black Coffee	,Jody Pou	,	Classical	
139,170,	 La Flor de Olmedo	,Circus Marcus-Aux puces nº6 	,	Classical	
140,171,	That Kid in Fourth Grade Who Really Liked the Denver Broncos	,Chris Zabriskie	,	Classical	
141,172,	The Temperature of the Air on the Bow of the Kaleetan	,Chris Zabriskie	,	Classical	
142,173,	Ease	,Andrew Bisset-Cultural Dis	,	Classical	
143,174,	War And Peace	,Jamie Evans	,	Classical	
144,175,	Don't You Want to Go to Heaven Uncle Sam  ,Steven Arntson	,	Classical	
145,176,	Six	,Marcel Pequel	,	Classical	
146,177,	O Come O Come Emmanuel	,IKOS David Clifton with the choirs of Peterborough Cathedral	,	Classical	
147,178,	Uno Is Walking	,K-Conjog	,	Classical	
148,179,	The Time To Run	,Dexter Britain	,	Classical	
149,180,	Bridging and Mending	,Jared C. Balogh	,	Classical	
150,181,	A Muddy Heart	,Steven Arntson	,	Classical	
151,182,	Dedicated to Elizabeth Cotten (with Matt Bauder)	,Jessica Pavone	,	Classical	
152,184,	imagined version)	,Fabrizio Paterlini-Forever blue (March Rosetta re	,	Classical	
153,185,	Ghost Dance	,Kevin MacLeod	,	Classical	
154,186,	Nights Tale	,Dexter Britain	,	Classical	
155,187,	Other Child Room	,Evgeny Grinko	,	Classical	
156,188,	Tom's Lullaby (with Les Gauchers Orchestra)	,Lee Maddeford	,	Classical	
157,189,	Wild Rover with Bellevue Chamber Chorus	,Sláinte	,	Classical	
158,190,	Virtutes Instrumenti	,Kevin MacLeod	,	Classical	
159,191,	Variatio 14 a 2 Clav	,Kimiko Ishizaka	,	Classical	
160,192,	Lucky	,Steven Arntson	,	Classical	
161,193,	Hands	,Matthew Mehlan	,	Classical	
162,194,	Reminiscence	,Jamie Evans	,	Classical	
163,195,	Golden Alley Reprise	,Rebecca Foon	,	Classical	
164,196,	Borodin Butterfly	,Lanark	,	Classical	
165,197,	Eight	,Marcel Pequel	,	Classical	
166,198,	Red Danube	,Lee Rosevere	,	Classical	
167,199,	Spring Mvt 1 Allegro	,John Harrison with the Wichita State University Chamber Players	,	Classical	
168,201,	Les crocodiles mangent aussi les bonshommes Wizzards	,Circus Marcus	,	Classical	
169,202,	God Rest Ye Merry Gentlemen	,Chance's end	,	Classical	
170,203,	WATCHING IT SNOW WHILE THINKING OF YOU	,Jared C. Balogh	,	Classical	
171,204,	Sinfonia di Violoncello e AM RadioFinitura,Joe Merolla	,	Classical	
172,205,	Prelude No	,Chris Zabriskie	,	Classical	
173,206,	Unisons	,Ophir Ilzetzki	,	Classical	
174,207,	Notebook Reading	,Dexter Britain	,	Classical	
175,208,	Leave Well Enough Alone (Instrumental)	,Dexter Britain	,	Classical	
176,209,	Amazing Grace 2011	,Kevin MacLeod	,	Classical	
177,210,	 Suite for Violin 8 Ardeleneascamoderato ,Advent Chamber Orchestra-Bughici 	,	Classical	
178,211,	After Christmas	,Dexter Britain	,	Classical	
179,212,	My Song For January	,Dexter Britain	,	Classical	
180,213,	Graveyard Illusions	,Silver Process	,	Classical	
181,214,	Blue sox	,Arnaud Roy	,	Classical	
182,215,	In A Party Watching A Party	,Silver Process	,	Classical	
183,216,	On Things Invisible to the Eye (Act II)	,Lloyd Rodgers	,	Classical	
184,217,	Haunted	,Jamie Evans	,	Classical	
185,218,	the piano of the old seaman	,Evgeny Grinko	,	Classical	
186,219,	The Book of Floating	,The New Heaven and The New Earth	,	Classical	
187,220,	Jazz Band With Jazz Hands	,Silver Process	,	Classical	
188,221,	First	,The New York Underground Orchestra (Conducted By Assif Tsahar)	,	Classical	
189,222,	ha'zman	,Ophir Ilzetzki	,	Classical	
190,223,	One	,Marcel Pequel	,	Classical	
191,224,	jingles interludes et dimanche minuit,LE CHEVALIER DE RINCHY	,	Classical	
192,225,	The Anticipation Of Spring	,Jared C. Balogh	,	Classical	
193,226,	A TOUGH DECISION	,Jared C. Balogh	,	Classical	
194,227,	SELF REFLECT	,Jared C. Balogh	,	Classical	
195,228,	Woody Allen	,Evgeny Grinko	,	Classical	
196,229,	Slow Motion Strut Version Two	,Dexter Britain	,	Classical	
197,231,	Train	,Dexter Britain	,	Classical	
198,232,	 Serenade for Strings Op22 in E Major larghetto	,Advent Chamber Orchestra-Dvorak 	,	Classical	
199,233,	HURRY UP AND RAIN	,Jared C. Balogh	,	Classical	
200,234,	Dedicated to Leroy Jenkins	,Jessica Pavone	,	Classical	
201,235,	Flight of the Moth	,Steven Arntson	,	Classical	
202,236,	Transmutation Of Metals	,Chuck Bettis & Joe Merolla	,	Classical	
203,237,	Birth	,Steven Arntson	,	Classical	
204,238,	 BWV 846	,Kevin MacLeod-J. S. Bach  Prelude in C 	,	Classical	
205,239,	Seven	,Marcel Pequel	,	Classical	
206,240,	Gammelvals	,Puh	,	Classical	
207,241,	After The Week I've Had	,Dexter Britain	,	Classical	
208,242,	Silent Night	,IKOS David Clifton with the choirs of Peterborough Cathedral	,	Classical	
209,243,	Ave formosissima — O Fortuna (reprise)	,MIT Concert Choir	,	Classical	
210,244,	Valediction	,Steven Arntson	,	Classical	
211,245,	 Entrance to the Queen of Sheba for Two Oboes Strings and Continuo allegro ,Advent Chamber Orchestra-Handel 	,	Classical	
212,246,	Traumatic Childhood	,Silver Process	,	Classical	
213,247,	Micro Composition 10	,Jared C. Balogh	,	Classical	
214,248,	Chasing Time	,Dexter Britain	,	Classical	
215,250,	Winter Mvt 3 Allegro	,John Harrison with the Wichita State University Chamber Players	,	Classical	
216,253,	Dance!	,The Rope River Blues Band	,	Country	
217,254,	Original Rags (1900 piano roll) ,Scott Joplin	,	Country	
218,257,	Wine Wine Wine	,Stompin' Riff Raffs	,	Country	
219,258,	ChainSmoke Days	,Mr. & Mrs. Smith	,	Country	
220,260,	Detroit	,The Moaners	,	Country	
221,262,	The Entertainer (1902 piano roll) ,Scott Joplin	,	Country	
222,264,	House Rent Jump	,Peter Case	,	Country	
223,265,	Emmet's Cuckoo Song	,George P. Watson	,	Country	
224,266,	SOLO ACOUSTIC GUITAR	,Jason Shaw	,	Country	
225,269,	Swan Song	,Paper Navy	,	Country	
226,270,	I Do Like To Be Beside The Seaside (1907 piano roll) ,John H. Glover-Kind	,	Country	
227,272,	JENNY'S THEME	,Jason Shaw	,	Country	
228,273,	Western Country	,Shake That Little Foot	,	Country	
229,274,	Mochi	,LE CLUB DES CHATS	,	Country	
230,275,	Rednecks with White Faces	,Caühaüs	,	Country	
231,276,	Blackberry Hedge	,Secret Jane	,	Country	
232,278,	ACOUSTIC BLUES	,Jason Shaw	,	Country	
233,279,	Party	,Krestovsky	,	Country	
234,280,	Upper Room	,Flying Cloud	,	Country	
235,281,	The Smiler (1907Zonophone Concert Band) ,Percy Wenrich	,	Country	
236,282,	Have You Seen It 	,Dr. Frankenstein	,	Country	
237,284,	Last Dance	,Jahzzar	,	Country	
238,285,	Death Valley Waltz	,Lucas Gonze	,	Country	
239,286, Z. Brewster	,Scott Joplin-Maple Leaf Rag (1899 Geisz version) ,	Country	
240,288,	WORDS	,Jason Shaw	,	Country	
241,289,	Pine Apple Rag (1908 piano roll) ,Scott Joplin	,	Country	
242,290,	The City	,Abe Sada	,	Country	
243,292,	Horror Show	,Stompin' Riff Raffs	,	Country	
244,293,	Ayahuasca	,Party People in a Can	,	Country	
245,294,	Chinese Blues (1916 George Gershwin piano roll) ,Moore and Gardner	,	Country	
246,296,	Candy	,Caravan of Thieves	,	Country	
247,297,	My Friend	,Wooden Ambulance	,	Country	
248,298,	Obvious	,Moore & Sons	,	Country	
249,299,	RUNNING WATERS	,Jason Shaw	,	Country	
250,300,	What I Found	,The Brought Low	,	Country	
251,301,	Never Turnin' Back (Live @ KEXP)	,Shane Tutmarc	,	Country	
252,302,	Danger Behind The Wheel (Live @ KEXP)	,Rose's Pawn Shop	,	Country	
253,303,	American English	,The Canoes	,	Country	
254,304,	Rose Room	,Jeremy Cohen & Matt Munisteri	,	Country	
255,305,	Riding Down To Mexico	,Rex Allen	,	Country	
256,306,	Frog Legs Rag (1906 piano roll),James Scott	,	Country	
257,307,	Turkey in the Straw	,Shake That Little Foot	,	Country	
258,308,	WHEELS	,Jason Shaw	,	Country	
259,309,	Theme for  The Mad Thinker 	,Dr. Frankenstein	,	Country	
260,310,	Neighborhood Funeral Dress	,Mr. & Mrs. Smith	,	Country	
261,311,	Ghostwriter	,Caravan of Thieves	,	Country	
262,312,	Wild Guide	,Austin Leonard Jones	,	Country	
263,313,	TRAVEL LIGHT	,Jason Shaw	,	Country	
264,314,	Ox Driving Song	,Austin Leonard Jones	,	Country	
265,315,	Scotland the Brave	,Shake That Little Foot	,	Country	
266,316,	The River	,Kenny Tudrick	,	Country	
267,317,	Rose Water	,Waylon Thornton	,	Country	
268,318,	Emergency Exit	,Dr. Frankenstein	,	Country	
269,319,	Frog In The Well	,Lucas Gonze	,	Country	
270,320,	99 Chicks	,Stompin' Riff Raffs	,	Country	
271,321,	Necrófago	,Dr. Frankenstein	,	Country	
272,322,	I Wanna Say Hello	,Pee Wee King	,	Country	
273,323,	Pilgim Song (Live @ KEXP)	,The Water Tower Bucket Boys	,	Country	
274,324,	SERENITY	,Jason Shaw	,	Country	
275,325,	Birmingham Jail	,Chatham County Line	,	Country	
276,326,	THINGAMAJIG	,Jason Shaw	,	Country	
277,327,	Ricky Dee	,Bandana Splits	,	Country	
278,328,	Imna 'Merican	,U Can Unlearn Guitar	,	Country	
279,329,	Cars and Parties	,Edith Frost	,	Country	
280,330,	Loco Two	,Vonn Krapp Family	,	Country	
281,332,	FUNKY JUNKY	,Jason Shaw	,	Country	
282,333,	Live at the Winston	,Thee Irma & Louise	,	Country	
283,334,	Childhood Days	,Universal Jubilaires	,	Country	
284,335,	Help You (Live @ KEXP)	,Trampled By Turtles	,	Country	
285,336,	Rock n Roll McDonald's	,The Shut-Ins	,	Country	
286,338,	Southern Gothic	,Bureaucratica	,	Country	
287,339,	ROCKY TOP	,Jason Shaw	,	Country	
288,340,	30 Days in the Workhouse	,Peter Case	,	Country	
289,341,	Columbine	,Audra Kubat	,	Country	
290,342,	ACOUSTIC MEDITATION	,Jason Shaw	,	Country	
291,343,	Clear Blue Sky	,Chatham County Line	,	Country	
292,344,	ONE FINE DAY	,Jason Shaw	,	Country	
293,345,	You Shake Me	,Stompin' Riff Raffs	,	Country	
294,346,	TENNESEE HAYRIDE	,Jason Shaw	,	Country	
295,347,	Goodbye Old Paint	,Johnny Bond	,	Country	
296,348,	I Wish I Was A Headlight	,Austin Leonard Jones	,	Country	
297,349,	There Were Some Famous Artists	,Jim Long	,	Country	
298,350,	BACK TO THE WOODS	,Jason Shaw	,	Country	
299,352,	Talk About Suffering	,Lucas Gonze	,	Country	
300,353,	Birmingham Jail	,Johnny Bond	,	Country	
301,354,	 If Not For Your Sweet Heart 	,Eric Villa	,	Country	
302,355,	Check Girl	,Al Duvall-Stuck On A Hat	,	Country	
303,356,	SNAPPY	,Jason Shaw	,	Country	
304,357,	Red Clay Road	,D. Charles Speer & the Helix	,	Country	
305,358,	Love Song To Little Trees	,Bill Crosson	,	Country	
306,359,	Bed	,Jahzzar	,	Country	
307,360,	NICE AND EASY	,Jason Shaw	,	Country	
308,361,	AUTUMN SUNSET	,Jason Shaw	,	Country	
309,362,	RIVER MEDITATION	,Jason Shaw	,	Country	
310,364,	MOUNTAIN SUN	,Jason Shaw	,	Country	
311,365,	Waterbound	,Shake That Little Foot	,	Country	
312,366,	Dirty Fingernails	,Golden Boys	,	Country	
313,367,	After Today	,Tift Merritt	,	Country	
314,368,	Better Do It Now	,Spade Cooley &  the Western Swing Dance Gang Feat. Tex Williams	,	Country	
315,369,	Mr	,Mr. & Mrs. Smith	,	Country	
316,370,	Little Wooden Church	,The Trumpeteers	,	Country	
317,371,	Will	,Stapleton Brothers-Call of the Whip-Poor	,	Country	
318,372,	Runaway Puppy	,QQQ	,	Country	
319,374,	Gambler's Blues	,The Crevulators	,	Country	
320,375,	Bit a Bullet	,Mr. & Mrs. Smith	,	Country	
321,376,	Night Owl	,Broke For Free	,	Electronic	
322,378,	Deep Sky Blue	,Graphiqs Groove	,	Electronic	
323,379,	Chantiers Navals 412	,LJ Kruzer	,	Electronic	
324,380,	Five Minutes at the Rainforest Cafe	,Macaw	,	Electronic	
325,381,	 DnB Mix (Germany)	,Hot Fire-Them Never Love No Bans 	,	Electronic	
326,383,	Neuroleptic trio instrumental 5	,Neuroleptic Trio	,	Electronic	
327,384,	Whirlwind Dance	,Ghost Hunter	,	Electronic	
328,386,	As Colorful As Ever	,Broke For Free	,	Electronic	
329,387,	Memories Of Thailand (Beat Doctor's 'stuck in Britain' remix)	,Risey	,	Electronic	
330,390,	Midori	,Beat Culture	,	Electronic	
331,391,	Another Position (original mix)	,Morphamish	,	Electronic	
332,392,	Ode To A Baby Snowstorm	,Ghostly Dust Machine	,	Electronic	
333,393,	Lysine	,Max Tundra	,	Electronic	
334,395,	Spectrum (Subdiffusion Mix)	,Foniqz	,	Electronic	
335,397,	Mercy	,Lucky Dragons	,	Electronic	
336,399,	Waking Up (Instrumental)	,Dexter Britain	,	Electronic	
337,400,	Run The Tape	,Asthmatic Astronaut	,	Electronic	
338,401,	Something Elated	,Broke For Free	,	Electronic	
339,402,	Quittin' Time	,Patrick Lee	,	Electronic	
340,403,	Flying pea v	,Daddy_Scrabble	,	Electronic	
341,404,	Calm The Fuck Down	,Broke For Free	,	Electronic	
342,405,	Presenterator	,Kevin MacLeod	,	Electronic	
343,406,	My God Those Legs	,Smersh	,	Electronic	
344,407,	 april deegee rmx	,Digi G'Alessio-ekiti son feat valeska 	,	Electronic	
345,408,	snow world under the white moon	,EeL	,	Electronic	
346,410,	Twinkling	,Zero V	,	Electronic	
347,415,	Dubsteady	,Phoniandflore	,	Electronic	
348,416,	Please Mind the Dubstep	,Bitbasic	,	Electronic	
349,419,	over and under	,Antiphon	,	Electronic	
350,420,	90	,Casetofoane	,	Electronic	
351,422,	Moonlight and Roses	,Lee Rosevere	,	Electronic	
352,423,	My Pretty Looking Clothes	,Glass Boy	,	Electronic	
353,425,	Stars	,Decktonic	,	Electronic	
354,426,	Whispering Through	,Asura	,	Electronic	
355,427,	Enthusiast	,Tours	,	Electronic	
356,428,	How Exciting	,Revolution Void	,	Electronic	
357,429,	Divider	,Chris Zabriskie	,	Electronic	
358,430,	Black Gloves	,Vitus Von Degen	,	Electronic	
359,431,	Dub steps	,Dub Terminator	,	Electronic	
360,432,	Barbarian	,Pierlo	,	Electronic	
361,435,	Warm Up Suit	,Broke For Free	,	Electronic	
362,436,	raw instrumental pt	,Digi G'Alessio	,	Electronic	
363,437,	Night Beach	,Psychadelik Pedestrian	,	Electronic	
364,440,	Oh Wee	,Immortal Beats	,	Electronic	
365,441,	Singing Forest	,M.W.D.	,	Electronic	
366,442,	 Arrogalla remix feat Andrea Congia]	,Volfoniq-Memori [Amentu Segretu 	,	Electronic	
367,444,	People Living And Leaving Big Citys	,Augustus Bro & Gallery Six	,	Electronic	
368,445,	Casual Graphic Designer	,Bacalao	,	Electronic	
369,448,	Destination	,Anitek	,	Electronic	
370,449,	simple	,Orbique	,	Electronic	
371,450,	Grief And Sleep	,Ghosts	,	Electronic	
372,451,	Smoothest Runes	,Thick Business	,	Electronic	
373,452,	La (instrumental)	,YACHT-Shangri	,	Electronic	
374,453,	Only Instrumental	,Broke For Free	,	Electronic	
375,454,	Steppin	,Wake	,	Electronic	
376,455,	Expedition Chant Cup	,Music For Your Plants	,	Electronic	
377,456,	Crack in Time	,Stickfigure	,	Electronic	
378,458,	Night Fly	,Nameless Dancers	,	Electronic	
379,459,	Cryin in the Delta Wind	,Mutherpluckin' B	,	Electronic	
380,460,	Inner Demon	,Flex Vector	,	Electronic	
381,461,	Ocean Breeze	,Sycamore Drive	,	Electronic	
382,462,	Ironic (feat	,Morsa-Erotic Post	,	Electronic	
383,463,	Overlay Star	,Lomovolokno	,	Electronic	
384,464,	Ropes	,Plurabelle	,	Electronic	
385,466,	Forever falling up	,Fanas	,	Electronic	
386,467,	Runtime error	,Peter Sharp	,	Electronic	
387,468,	Hiss	,Zero V	,	Electronic	
388,469,	Knock Knock	,Broke For Free	,	Electronic	
389,472,	I	,Listen With Sarah	,	Electronic	
390,473,	SmurfPulser	,Illocanblo	,	Electronic	
391,475,	Ooo	,Morphamish + MAKO	,	Electronic	
392,477,	Night Drive	,Decktonic	,	Electronic	
393,478,	Initiation	,Zero V	,	Electronic	
394,479,	Not Found (Invisible)	,Jiony	,	Electronic	
395,480,	entry	,Lee Rosevere-Chapter Seven - Re	,	Electronic	
396,481,	Seeing The Future	,Dexter Britain	,	Electronic	
397,482,	LA	,Julian Winter	,	Electronic	
398,484,	Got Me (club mix)	,Beat Doctor	,	Electronic	
399,485,	Coral Reef	,Psychadelik Pedestrian	,	Electronic	
400,486,	Neurociencia	,Pulselooper	,	Electronic	
401,487,	D2	,Foniqz	,	Electronic	
402,488,	Cold Summer Landscape	,Blear Moon	,	Electronic	
403,489,	Pink Fuzz!	,The Protagonist!	,	Electronic	
404,490,	Chico (The Way Out)	,Apes on Tapes	,	Electronic	
405,492,	Beryllos	,M-PeX	,	Electronic	
406,493,	summer	,General Fuzz	,	Electronic	
407,494,	Garden Theme	,Deltason	,	Electronic	
408,496,	OutroDub	,Adubter	,	Electronic	
409,497,	The Beat Goes On	,Flex Vector	,	Electronic	
410,498,	Drown	,Altered Carbon	,	Electronic	
411,499,	Bayview	,Isle	,	Electronic	
412,500,	القذافي الأمازون الحرس	,Music For Your Plants	,	Electronic	
413,501,	Behind The Seas	,Possimiste	,	Folk	
414,502,	Capulet	,The Rope River Blues Band	,	Folk	
415,503,	Big Gay Water Fight	,Plushgoolash	,	Folk	
416,504,	Rebetikaud	,Sam Shalabi	,	Folk	
417,506,	Like Home	,Keshco	,	Folk	
418,507,	Mε Πιάνουνε Ζαλάδες	,Caligine	,	Folk	
419,512,	Rast'e Tou Teke	,Costa and Nero	,	Folk	
420,513,	Dream (instrumental)	,Chan Wai Fat	,	Folk	
421,514,	SIDEWALK	,Jason Shaw	,	Folk	
422,515,	Hash Smugglers Blues	,Plankton Wat	,	Folk	
423,518,	Burning School	,Free Piece of Tape	,	Folk	
424,519,	MDMA (Pt	,Morus Alba	,	Folk	
425,520,	Broken Spell	,Moore & Sons	,	Folk	
426,521,	Old Strange	,Black Twig Pickers and Steve Gunn	,	Folk	
427,522,	New Rembetika   14	,Mike Cooper & Viv Corringham	,	Folk	
428,523,	Love	,The Upsidedown-E	,	Folk	
429,524,	Black Eyes	,Nettle	,	Folk	
430,525,	(h) Banjo Arba Minch Garden	,Cooper-Moore	,	Folk	
431,527,	A Stranger's Map of Texas	,Michael Chapman & The Woodpiles	,	Folk	
432,529,	TV Dinner	,Hiiragi Fukuda	,	Folk	
433,530,	The Tropical Lounge Prayer Directory	,The New Mystikal Troubadours	,	Folk	
434,535,	Sally in the Garden Sifting Sand	,Black Twig Pickers and Steve Gunn	,	Folk	
435,536,	Don't You Want to Go to HeavenUncle Sam  ,Steven Arntson	,	Folk	
436,537,	Efoumernam Ena Vradi	,Astral Social Club	,	Folk	
437,540,	Trouba	,Steve Gunn	,	Folk	
438,544,	Day Into Night	,Rho	,	Folk	
439,547,	It's all right	,Mr. & Mrs. Smith	,	Folk	
440,550,	Titanic	,Michael Chapman & The Woodpiles	,	Folk	
441,551,	Harmless Blues	,Moore & Sons	,	Folk	
442,554,	Wave Graves	,Paneye	,	Folk	
443,555,	Views of The Holy & Divine	,The Agrarians	,	Folk	
444,556,	Life on the Odyssean Wave	,Steven Arntson	,	Folk	
445,558,	Good Night Heart	,My Bubba & Mi	,	Folk	
446,560,	Vanlig	,Jahzzar	,	Folk	
447,561,	La Minor Live at Pacific Parc Vol	,La Minor	,	Folk	
448,564,	Solemn Ground	,Fit and the Conniptions	,	Folk	
449,565,	Sousta Politiki	,Amen Dunes	,	Folk	
450,568,	The Incredible Infection of Unintended Invection	,U Can Unlearn Guitar	,	Folk	
451,574,	Cattails	,Kevin MacLeod	,	Folk	
452,577,	Look inside	,Jahzzar	,	Folk	
453,579,	The Surveyor	,red_robin	,	Folk	
454,580,	Grass Above My Head	,Cian Nugent	,	Folk	
455,581,	Mona Lisa	,Atlas Sound	,	Folk	
456,582,	12 MORNINGS	,Jason Shaw	,	Folk	
457,584,	Stin Ypoga	,Ignatz	,	Folk	
458,585,	The Bright New Year (By Bert Jansch)	,Yair Yona	,	Folk	
459,586,	Hemoglobin (Live at the Tonic Room)	,Greg Gibbs	,	Folk	
460,591,	Whoopee Ti Yi Yo	,The Sons Of The Pioneers	,	Folk	
461,592,	Tape Eater	,Pietnastka	,	Folk	
462,594,	Di Hei Hei (sung by Po Sun Yi)	,Chan Wai Fat	,	Folk	
463,597,	Wafternoon	,Keshco	,	Folk	
464,598,	Joke	,Jahzzar	,	Folk	
465,600,	32 Ford	,Joe Mazzola	,	Folk	
466,605,	Flirt	,The Simple Carnival	,	Folk	
467,606,	Ice Cream	,Jahzzar	,	Folk	
468,607,	Past Has Not Passed	,James Blackshaw	,	Folk	
469,608,	Adinatisa O Kaymenos	,Daniel Padden	,	Folk	
470,609,	Eter	,M-PeX	,	Folk	
471,610,	Shine	,Jahzzar	,	Folk	
472,611,	Car Crash	,Jahzzar	,	Folk	
473,612,	Wild Horse of Stony Point	,Black Twig Pickers	,	Folk	
474,613,	Going to	,Jahzzar	,	Folk	
475,614,	I Want To Destroy Something Beautiful	,Josh Woodward	,	Folk	
476,615,	Talking	,Moore & Sons	,	Folk	
477,616,	Hot Kettle and a Lonely Gun	,Greg Gibbs	,	Folk	
478,617,	A Clean Slate	,The Peach Tree	,	Folk	
479,620,	Aqua	,M-PeX	,	Folk	
480,621,	The Blender is Not Built For That	,Carter Thornton	,	Folk	
481,622,	Zoo	,Greg Gibbs	,	Folk	
482,623,	Anniversary	,Jahzzar	,	Folk	
483,625,	Night Ahead	,Moore & Sons	,	Folk	
484,628,	Hungaria	,Latché Swing	,	Jazz	
485,629,	Volksing Ferretismico	,Goto80 and the Uwe Schenk Band	,	Jazz	
486,631,	Lansdowne	,WWIII	,	Jazz	
487,632,	Forward	,Northbound	,	Jazz	
488,634,	If I Can't Dance It's Not My Revolution	,Quantum Jazz	,	Jazz	
489,635,	The Third Man Theme (Live @ KEXP)	,Rat City Brass	,	Jazz	
490,637,	It smells like Chamomile Tea	,Evgeny Grinko	,	Jazz	
491,638,	Winter Sunshine	,Evgeny Grinko	,	Jazz	
492,639,	Indian Summer	,Zero V	,	Jazz	
493,640,	¡Qué Paciencia!	,Los Sundayers	,	Jazz	
494,643,	Thriller Iller	,Goto80 and the Uwe Schenk Band	,	Jazz	
495,644,	By the Coast (2004)	,Antony Raijekov	,	Jazz	
496,645,	Mutatis Mutandis	,Cosmic Analog Ensemble	,	Jazz	
497,646,	Backed Vibes Clean	,Kevin MacLeod	,	Jazz	
498,647,	Scattered Knowledge	,Revolution Void	,	Jazz	
499,648,	Swing 39	,Latché Swing	,	Jazz	
500,649,	I Remember You	,Nature	,	Jazz	
501,650,	City Tail	,Ido Bukelman	,	Jazz	
502,651,	Balancing Act	,The Underscore Orkestra	,	Jazz	
503,652,	Don't Rush	,Zero V	,	Jazz	
504,653,	Jazz Club	,Kriss	,	Jazz	
505,654,	asrealasitgets2)	,Dizzy Banjo-Jazzy Macys (disquiet0038	,	Jazz	
506,656,	when	,Stephan Siebert	,	Jazz	
507,657,	Ponky Fonky Ferret	,Goto80 and the Uwe Schenk Band	,	Jazz	
508,658,	AcidJazz	,Kevin MacLeod	,	Jazz	
509,660,	05 CherryBlossom	,Daddy_Scrabble	,	Jazz	
510,661,	Are	,Oaxacan	,	Jazz	
511,662,	Rythme Gitan	,Latché Swing	,	Jazz	
512,663,	Rail Star Mode	,Spartak	,	Jazz	
513,664,	Cable Swingin' Ferret	,Goto80 and the Uwe Schenk Band	,	Jazz	
514,665,	Sweet Georgia Brown	,Latché Swing	,	Jazz	
515,666,	Crackle & Pop	,Digital Primitives	,	Jazz	
516,667,	I Can't Behave	,Caravan of Thieves	,	Jazz	
517,668,	LordDa Mercy	,Daddy_Scrabble	,	Jazz	
518,671,	Menilmontant	,Latché Swing	,	Jazz	
519,672,	Vibe Ace	,Kevin MacLeod	,	Jazz	
520,673,	Mirando Hacia Atrás	,Los Sundayers	,	Jazz	
521,674,	Songe D'Automne	,Latché Swing	,	Jazz	
522,675,	Meetin' & Movin'	,Merkel & Fritzemeier	,	Jazz	
523,676,	Chosen Kale Mazel Tov	,The Underscore Orkestra	,	Jazz	
524,677,	Neuroleptic trio instrumental 6	,Neuroleptic Trio	,	Jazz	
525,681,	Devil with the Devil	,The Underscore Orkestra	,	Jazz	
526,682,	Resonance	,Nature	,	Jazz	
527,684,	magic of fog	,Rushus	,	Jazz	
528,685,	George	,Curha	,	Jazz	
529,686,	is there anybody out there	,Sergi Boal	,	Jazz	
530,687,	Balancing Act Chosen Kale Mazel Tov ,The Underscore Orkestra	,	Jazz	
531,688,	Irresistible Yvette (with Les Gauchers Quintet)	,Lee Maddeford	,	Jazz	
532,689,	M (2003)	,Antony Raijekov-Ambient	,	Jazz	
533,690,	Infant Holy Infant Lowly ,Ann Alee	,	Jazz	
534,691,	Hard Time Killing Floor Blues	,Nature	,	Jazz	
535,692,	Boudougou	,Breuss Arrizabalaga Quintet-Nfamoudou	,	Jazz	
536,693,	Impressive	,Mystic Morrison Visions	,	Jazz	
537,695,	Track 6	,Sunny Jain's Red Baraat Festival	,	Jazz	
538,696,	Extraordinary Vibe	,Nature	,	Jazz	
539,697,	VA Riding (Single Edit)	,DJ Harrison	,	Jazz	
540,698,	The Keeper (Live @ KEXP)	,Bonobo	,	Jazz	
541,699,	SYMPHONIC SLIDE	,Jared C. Balogh	,	Jazz	
542,700,	Moon Dream (Extended Mix)	,Sephirot	,	Jazz	
543,702,	Shipyard	,WWIII	,	Jazz	
544,703,	Arana	,Jazz at Mladost Club	,	Jazz	
545,704,	Monkeys have arrived	,Daddy_Scrabble	,	Jazz	
546,706,	Amari Szi	,The Underscore Orkestra	,	Jazz	
547,707,	Prelude #2 in A Minor (Chopin)	,Ben Holmes and Patrick Farrell	,	Jazz	
548,708,	NO MATH 7	,Trans Atlantic Rage	,	Jazz	
549,709,	Jovanko	,The Underscore Orkestra	,	Jazz	
550,710,	They Enter Through the Ear	,Ehran Elisha and Roy Campbell	,	Jazz	
551,711,	Dances and Dames	,Kevin MacLeod	,	Jazz	
552,712,	As I Figure	,Kevin MacLeod	,	Jazz	
553,713,	parte 1 parte 4 ,MarginalS	,	Jazz	
554,714,	In The Techno Tent	,Nature	,	Jazz	
555,715,	PULLING MYSELF UP THROUGH	,Jared C. Balogh	,	Jazz	
556,717,	Underscore Underwear	,The Underscore Orkestra	,	Jazz	
557,718,	Cocek	,The Underscore Orkestra	,	Jazz	
558,719,	Transparente	,Los Sundayers	,	Jazz	
559,721,	Mic Check	,Nature	,	Jazz	
560,722,	Orbiting A Distant Planet	,Quantum Jazz	,	Jazz	
561,723,	April Showers	,ProleteR	,	Jazz	
562,724,	RSJFoundation live at Pacific Parc	,Rotterdam Ska Jazz Foundation	,	Jazz	
563,725,	Octopus	,Mystic Morrison Visions	,	Jazz	
564,726,	Trio Take 5	,Cooper-Moore	,	Jazz	
565,727,	THE HAPPIEST LIFE	,Jared C. Balogh	,	Jazz	
566,728,	Magdalena	,The Underscore Orkestra	,	Jazz	
567,729,	Pepper Spray Blues	,The Luddites	,	Jazz	
568,730,	Mircoobee	,Keinzweiter	,	Jazz	
569,731,	Džejbe Džejbe	,Neuroleptic Trio	,	Jazz	
570,732,	Dobur Vecher	,The Underscore Orkestra	,	Jazz	
571,733,	Mad About You	,Yair Yona	,	Jazz	
572,734,	Sandu	,Hugo 'Droopy' Contini	,	Jazz	
573,735,	Invisible Walls	,Revolution Void	,	Jazz	
574,736,	 Sax	,Kevin MacLeod-Night on the Docks 	,	Jazz	
575,737,	Some Other Place	,DJ Harrison	,	Jazz	
576,738,	Blue Draggish	,The Underscore Orkestra	,	Jazz	
577,739,	Balcarabic Chicken	,Quantum Jazz	,	Jazz	
578,740,	Futoristico	,Gilad Atzmon	,	Jazz	
579,741,	Broken String	,The Underscore Orkestra	,	Jazz	
580,742,	 Nitro	,OPRACHINA-Oprachina 	,	Jazz	
581,743,	Tasky	,Blue Swerver	,	Jazz	
582,744,	Capadócia	,Thiago França	,	Jazz	
583,745,	Maia	,Kreng	,	Jazz	
584,746,	My Blackbirds Are Bluebirds Now	,The Moonlighters	,	Jazz	
585,747,	bruch	,Stephan Siebert-auf	,	Jazz	
586,748,	Night City	,Dirty Beaches	,	Jazz	
587,749,	Big Fun (New Ruckus)	,Slumgum	,	Jazz	
588,750,	Street Song  Honga	,Ben Holmes and Patrick Farrell	,	Jazz	
589,756,	Lips	,Plurabelle	,	Pop	
590,757,	Freeway	,Kurt Vile	,	Pop	
591,758,	Ou Inme	,ghostandthesong	,	Pop	
592,759,	Frozen Egg	,Lame Drivers	,	Pop	
593,763,	Siesta	,Jahzzar	,	Pop	
594,764,	Vogelbird	,Sleeping Policemen	,	Pop	
595,767,	kirblooey	,Windom Earle	,	Pop	
596,769,	Chaos	,AMANDA	,	Pop	
597,773,	The Island Song	,U.S. Girls	,	Pop	
598,775,	In The Early Months Of The Emergency	,Ghost Hunter	,	Pop	
599,776,	Through The Haze Of The Green Glasses	,Ghost Hunter	,	Pop	
600,777,	A Little Too Fast	,The Strangers	,	Pop	
601,779,	What Circle Where	,Macaw	,	Pop	
602,780,	Gay_Bar_videogame	,The Wildbunch	,	Pop	
603,781,	Butterfly	,Delicate Steve	,	Pop	
604,782,	Who Are You	,The Strangers	,	Pop	
605,784,	Le Gateau Au Yaourt	,Benjamin Bret	,	Pop	
606,787,	 Ride The Tide	,coverclub.nl-Schotel van de Dag 	,	Pop	
607,789,	No Slow Dancing	,Austin Leonard Jones	,	Pop	
608,790,	City Sounds	,Sycamore Drive	,	Pop	
609,791,	West Bank	,Lezet	,	Pop	
610,794,	Window #3	,Two Bicycles	,	Pop	
611,795,	Simon Cowell	,Ergo Phizmiz	,	Pop	
612,796,	Ghost Transference	,Learning Music	,	Pop	
613,797,	Sunday Lovers	,Monday Night Fever	,	Pop	
614,798,	Waha	,Casetofoane	,	Pop	
615,799,	Beach Point Pleasant	,Ducktails	,	Pop	
616,800,	Cinq	,Les Oreilles-Quarante	,	Pop	
617,801,	Marty Feldman	,Keshco	,	Pop	
618,804,	Birthday Cake	,Jahzzar	,	Pop	
619,805,	Son Of A Systems Engineer Manager	,Keshco	,	Pop	
620,806,	 Christmas Day With Me	,coverclub.nl-Laura Vane & the Vipertones 	,	Pop	
621,807,	Ftgrr	,Björn & Gorden	,	Pop	
622,808,	Lost	,Greg Gibbs	,	Pop	
623,810,	El barzón	,Los Amparito	,	Pop	
624,811,	Tourist Shooting Tar Balls	,Party People in a Can	,	Pop	
625,813,	Wild & You	,My Bubba & Mi	,	Pop	
626,814,	re bitterfly	,etc.	,	Pop	
627,815,	LightLivid ,Plurabelle	,	Pop	
628,818,	In Fielder	,Miró Belle	,	Pop	
629,819,	Tilly's Punctured Romancer	,Ergo Phizmiz	,	Pop	
630,820,	Wallflower	,Plurabelle	,	Pop	
631,823,	You Want It	,Gringo Star	,	Pop	
632,824,	Untold Story	,Sycamore Drive	,	Pop	
633,825,	I Keep My Soul Alive with Different Kinds of Germs	,FAVORS	,	Pop	
634,826,	I'll Keep It With Mine	,Dean & Britta	,	Pop	
635,829,	Talk to me	,Jahzzar	,	Pop	
636,830,	Enel	,Casetofoane	,	Pop	
637,831,	Electrohood	,Casetofoane	,	Pop	
638,833,	Rocky 5000	,Casetofoane	,	Pop	
639,834,	Fly By Night	,Keshco	,	Pop	
640,836,	Memories Are Made of This	,The Scallions	,	Pop	
641,839,	Fun With Petroleum	,Ergo Phizmiz	,	Pop	
642,841,	Nicotine Blues	,Kurt Vile	,	Pop	
643,844,	Wizball	,Gustav Taxén	,	Pop	
644,845,	The Great Giana Sisters (Piano cover)	,Christian Vestergaard	,	Pop	
645,846,	High Buildings	,Flora	,	Pop	
646,848,	Eating Baby Lions Nightmare	,Shirley and Spinoza-Half	,	Pop	
647,850,	Strange Things	,Ergo Phizmiz	,	Pop	
648,851,	 Etam Etamski	,How How-Tetrolux 	,	Pop	
649,852,	Erebus (piano)	,Andrea Baroni	,	Pop	
650,854,	Through & Through	,My Bubba & Mi	,	Pop	
651,855,	2,The Family Simpson	,	Pop	
652,856,	The Other Man	,Sloan	,	Pop	
653,857,	Trick Pony (Live @ KEXP)	,Charlotte Gainsbourg	,	Pop	
654,858,	Alive	,Jahzzar	,	Pop	
655,859,	Delta	,Moonove	,	Pop	
656,860,	Señor Bomba	,MrJuan	,	Pop	
657,863,	The End of Time	,Computer Magic	,	Pop	
658,864,	Polaroid	,Jahzzar	,	Pop	
659,865,	Love Me Like You	,The Mythics	,	Pop	
660,866,	Basket Ball Get Your Groove Back (Live @ KEXP)	,Deerhoof	,	Pop	
661,867,	Saudades	,Duda Nunes	,	Pop	
662,869,	cuts&bruises	,Plurabelle	,	Pop	
663,871,	Deep Thought Process	,Sycamore Drive	,	Pop	
664,872,	Ticking Away	,Cranston	,	Pop	
665,873,	Summer Song (Instrumental)	,YACHT	,	Pop	
666,874,	This Love's Got to Change	,Black Math	,	Pop	
667,876,	Kopeika	,et_	,	Rock	
668,879,	Computer	,State Shirt	,	Rock	
669,880,	Stance Gives You Balance	,Hogan Grip	,	Rock	
670,882,	The last ones	,Jahzzar	,	Rock	
671,884,	Old White Eye	,Ghost Hunter	,	Rock	
672,886,	Mariachi Bandits of Gatling Gun Ridge	,krackatoa	,	Rock	
673,887,	Happening for Lulu	,Kraus	,	Rock	
674,889,	Requiem for a Fish	,The Freak Fandango Orchestra	,	Rock	
675,890,	The Beach! The Beach!	,Holy Coast	,	Rock	
676,891,	Jupiter The Blue	,Gillicuddy	,	Rock	
677,892,	North Sea Radio	,Paneye	,	Rock	
678,893,	Blackroad	,Tyrannic Toy	,	Rock	
679,897,	arriba	,reed blue & exteenager	,	Rock	
680,898,	No	,Room For A Ghost	,	Rock	
681,899,	One Man And His Piano	,Linus Akesson	,	Rock	
682,902,	Naramiddu poita (feat	,Arrogalla remixes Dadub	,	Rock	
683,903,	Wild Eyes (live @ WFMU)	,Vivian Girls	,	Rock	
684,904,	Something In the Woods	,krackatoa	,	Rock	
685,908,	You Can't Have It   Shinjuku Birdwalk	,Karen Cooper Complex	,	Rock	
686,909,	Exotica	,Juanitos	,	Rock	
687,910,	Utopia (instrumental)	,YACHT	,	Rock	
688,911,	Jungle Law	,Original Innocence	,	Rock	
689,913,	Untitled 06	,Mountain Cult	,	Rock	
690,915,	Everything Is Changing	,Noi	,	Rock	
691,921,	Sambarama	,Juanitos	,	Rock	
692,924,	Strange Italian Song	,Juanitos	,	Rock	
693,925,	Photosphere	,Charles Atlas	,	Rock	
694,926,	Flying Alaska V	,Everlone	,	Rock	
695,928, the  13 O' Clock in the Morning ,Waiters,	Rock	
696,931,	Mickey Maos	,Halloween	,	Rock	
697,932,	Crowning Of A Heart (Live @ KEXP)	,…And You Will Know Us By The Trail Of Dead	,	Rock	
698,934,	Other Side	,Lame Drivers	,	Rock	
699,936,	Plumy Tale	,Dumbo Gets Mad	,	Rock	
700,938,	Thrashing In The Unknown	,Milk Music	,	Rock	
701,939,	You should go on	,Richard There	,	Rock	
702,941,	Get My Fix (Morphamish Mix)	,Morphamish+ Tekkerz	,	Rock	
703,942,	Santa Leone	,Pajaro	,	Rock	
704,944,	Hey Grrl	,Shark 	,	Rock	
705,945,	Leelo (Part 1)	,The Ghost Of 29 Megacycles	,	Rock	
706,949,	Favorite Secrets	,Waylon Thornton	,	Rock	
707,952,	Monday at 12	,Glass Boy	,	Rock	
708,954,	Bruce Lee (acoustic Jam)	,Doron Deutsch	,	Rock	
709,955,	Blind Eyes	,Everlone	,	Rock	
710,956,	Indian Summer	,end's not near	,	Rock	
711,957,	boss A	,un automne à Lob-Nor	,	Rock	
712,958,	(Untitled 1)	,Trailblazer	,	Rock	
713,959,	Indyair	,springtide	,	Rock	
714,960,	Helix Nebula	,Anamanaguchi	,	Rock	
715,961,	Union Square	,James Beaudreau	,	Rock	
716,962,	Rotting Heights	,Ice Age	,	Rock	
717,964,	Driftin' Around	,J.Walker & The Crossguards	,	Rock	
718,967,	I Had A Dream	,Daniel Johnston	,	Rock	
719,968,	Bar Trombone	,Abe Sada-Black	,	Rock	
720,970,	The Pharaos' Theme	,Pharaos	,	Rock	
721,973,	Swagg's & Elliot	,Mount Carmel	,	Rock	
722,974,	Crucial Contact	,Karl Blau	,	Rock	
723,976,	Merry Christmas	,Glass Boy	,	Rock	
724,977,	Suck City	,Black Math	,	Rock	
725,978,	Absolutely Gorgeous	,krackatoa	,	Rock	
726,979,	Deck the Halls	,Rue Royale	,	Rock	
727,980,	Tell The Police The Truth	,Mahjongg	,	Rock	
728,981,	Bottums Up	,Morphamish	,	Rock	
729,983,	Tripped & Fell In Love (instrumental)	,YACHT	,	Rock	
730,985,	Zebra (Live @ KEXP)	,Beach House	,	Rock	
731,986,	Girl	,Suicide	,	Rock	
732,987,	Hit and Run	,Jack Ruby	,	Rock	
733,988,	The Pull	,Bluebrain	,	Rock	
734,989,	piste quatre	,Vespre	,	Rock	
735,990,	El Tranvía	,Jenifer Avila	,	Rock	
736,991,	Moving Away	,Moore & Sons	,	Rock	
737,993,	Stance Gives You Power	,Hogan Grip	,	Rock	
738,994,	Engine #3 (Morphamish Remix)	,Morphamish remixes Full Blush	,	Rock	
739,995,	Honte De Toi	,Benjamin Bret	,	Rock	
740,996,	Fireworks	,Jahzzar	,	Rock	
741,997,	Monster On Campus	,Halloween	,	Rock	
742,999,	So Easy	,Jahzzar	,	Rock	
743,1000,	 Single	,Republic Of Lights-Got You Surrounded 	,	Rock	
744,,,,
745,driver picks the music,Favourite Songs,gilbert,electric rock instrumentation
746,mom and pop,balida,ss2011 - 1,wundervolle Schlager
747,,,,
748,rolotototota,Summertime    Big Brother and the Holding Company,remember60,womenvoices
749,,,,
750,,,,
751,,,,
752,,,,
753,,,,
754,,,,
755,,,,
756,,,,
757,,,,
758,,,,
759,,,,
760,,,,
761,,,,
762,,,,
763,Fave Male Singers,Angel and Airwaves,Sromkie Approved,Angel and airwanes
764,,,,
765,ZET,Progressive,hhh,hopeful
766,,,,
767,,,,
768,,,,
769,,,,
770,,,,
771,,,,
772,,,,
773,,,,
774,coolwench,Indie-Rock,singer-songwriter,favourite tracks
775,triumphant,converge,Pounding,botch
776,,,,
777,,,,
778,,,,
779,,,,
780,list-datomm,tanzwuetig,when you really need it,ballet coreography
781,drozd,tmbg,yolala nofx,SPARKS
782,yes,Halloween Party,Energetic,stupidmemories
783,,,,
784,,,,
785,,,,
786,,,,
787,,,,
788,,,,
789,,,,
790,,,,
791,us,tagged,Gwen stefani sweet escape,i love gwen
792,eletronic,hypnotic,england,vocal trance
793,stuff I should be able to inject directly into my blood,low rock,2007,blingtacular
794,mainmanjimi,like a fire,fucking awesome riffs,wilde zeiten
795,77davez-loved,classics,evf3,cimx-fm
796,fun,electropop,alternative,female vocalist
797,,,,
798,,,,
799,,,,
800,,,,
801,,,,
802,,,,
803,,,,
804,,,,
805,,,,
806,,,,
807,,,,
808,,,,
809,2007,SMOKING HOT,Glass Candy,electro-disco
810,,,,
811,,,,
812,,,,
813,,,,
814,,,,
815,,,,
816,,,,
817,,,,
818,,,,
819,,,,
820,,,,
821,,,,
822,,,,
823,,,,
824,,,,
825,,,,
826,,,,
827,,,,
828,,,,
829,,,,
830,,,,
831,,,,
832,,,,
833,,,,
834,,,,
835,,,,
836,,,,
837,,,,
838,,,,
839,,,,
840,,,,
841,,,,
842,,,,
843,,,,
844,catchy as hell,Fox,t artists,Misc2
845,Dance L,completely awesome tracks,real easy listening,jenny1
846,heavy,foxy,nice,hypnotica
847,Roxbury Tunes,bachill,kathrins morning,curti
848,relax,old school,temp,Pop-Rock
849,UFO rock,this is how you play the guitar,sympathy68,planatary
850,Best of,leapsandloved,best of 2010,tame impala
851,female vocalist,buy buy buy,night,heard on last-fm
852,folk ambient,iyi,exit,psy chill
853,mine,quirky,dutch,horror
854,Fantastisk,goed,lyrical genius,gotanygoodmusic
855,ska punk,good,summer,slow
856,mbest,Michael Buble Jazz,mg cover collection,crowner song
857,,,,
858,,,,
859,,,,
860,,,,
861,,,,
862,,,,
863,,,,
864,,,,
865,,,,
866,,,,
867,,,,
868,,,,
869,,,,
870,,,,
871,,,,
872,,,,
873,,,,
874,,,,
875,,,,
876,,,,
877,,,,
878,,,,
879,,,,
880,,,,
881,,,,
882,,,,
883,,,,
884,,,,
885,,,,
886,,,,
887,,,,
888,,,,
889,,,,
890,,,,
891,,,,
892,,,,
893,,,,
894,,,,
895,,,,
896,,,,
897,,,,
898,,,,
899,,,,
900,,,,
901,,,,
902,,,,
903,,,,
904,,,,
905,,,,
906,,,,
907,,,,
908,,,,
909,,,,
910,,,,
911,,,,
912,,,,
913,,,,
914,,,,
915,,,,
916,,,,
917,,,,
918,,,,
919,,,,
920,,,,
921,,,,
922,,,,
923,,,,
924,,,,
925,,,,
926,,,,
927,,,,
928,,,,
929,,,,
930,,,,
931,,,,
932,,,,
933,,,,
934,,,,
935,,,,
936,,,,
937,,,,
938,,,,
939,,,,
940,,,,
941,,,,
942,,,,
943,,,,
944,soundtrack to my gay life,songs i love more than the last fm heart shows,D 2009,psychodelic trip pop
945,one of the greatest songs ever,great song,sheer awesome,old
946,maryalien,oldschool goth,momentos,peteton
947,warms and beautifuls,groovy jazzy goodness,Kanal 72,shoegazefan
948,Babs Gorgeous,beatbloggerjuni08,i have to change my underwear after this song,my god this is a great song
949,frano,blue light rain,Ogod music,rockin radio
950,,,,
951,,,,
952,,,,
953,,,,
954,,,,
955,,,,
956,,,,
957,,,,
958,,,,
959,,,,
960,,,,
961,,,,
962,,,,
963,,,,
964,,,,
965,,,,
966,sunshine happy cool,mitica,estate,flott
967,,,,
968,,,,
969,,,,
970,,,,
971,,,,
972,,,,
973,,,,
974,,,,
975,,,,
976,,,,
977,,,,
978,sing along,amazing,easy,Pleasuredome Oppenwehe
979,,,,
980,,,,
981,,,,
982,,,,
983,,,,
984,,,,
985,,,,
986,,,,
987,,,,
988,,,,
989,,,,
990,,,,
991,,,,
992,,,,
993,,,,
994,,,,
995,,,,
996,,,,
997,,,,
998,,,,
999,,,,
1000,,,,
1001,Good Stuff,rockabilly soul,all in a name,electric rock instrumentation
1002,,,,
1003,,,,
1004,,,,
1005,,,,
1006,,,,
1007,,,,
1008,,,,
1009,,,,
1010,,,,
1011,,,,
1012,,,,
1013,,,,
1014,,,,
1015,,,,
1016,,,,
1017,,,,
1018,,,,
1019,,,,
1020,,,,
1021,,,,
1022,,,,
1023,,,,
1024,,,,
1025,,,,
1026,,,,
1027,,,,
1028,,,,
1029,,,,
1030,,,,
1031,,,,
1032,,,,
1033,,,,
1034,,,,
1035,,,,
1036,,,,
1037,,,,
1038,,,,
1039,,,,
1040,,,,
1041,,,,
1042,,,,
1043,,,,
1044,Horatios Theme,Tool Sober,xakda,punk
1045,morning M,Winter songs,Mischa,anger
1046,omg memories,preciso de pouco para ser feliz,billboard number ones 1960s,rs500 song
1047,lo fi,psychadelic,neo-psychedelic,america
1048,funky,2000s,pretty,2003
1049,dolma tunes,tears of happiness,referencia literaria,vemu
1050,Ilona,free download,Good Pop,loved
1051,ska punk,Awesome,bands,USA
1052,shift love,does it offend you yeah - epic last song,Sean McGinty Introducing,musica the home 3
1053,hold me,100,flow,something else
1054,great lyrics,great,Driving,chill out
1055,authentic,The British are coming,sample,brass
1056,UK,mojemojemoje,songs i never get tired of listening to,Soundtrack
1057,the word between,emo-pop,Bridge,Faves
1058,Leaders,classic hip-hop,great beat,flow
1059,so so so so so so so so so so good,bessemer song,lovely,magic men
1060,move with me,010s,calm yet intense,hair metal
1061,Fave,London Calling,influential,extensive vamping
1062,carnival 2006 notting hill,rel-yr:1977,Cocktails at Sunset,singsongs
1063,smooch,metals,Red Wine,kitschy
1064,top 2000,use of techno synths,a clear focus on recording studio production,melancholic
1065,,,,
1066,Relaxing music,easy,experimental electronic,vibes
1067,magia,techno,great closing tracks,tired souls
1068,soft rock,weather songs,minimal,melancholic
1069,college rock,beautiful,pop rock,sad
1070,r and b,dj,genius,beats
1071,simon  garfunkel so longg,the defining weekend,breakfast-music,Musicas Italianas
1072,peepants,modern love breaks me,mmtob,ryan smith
1073,pippivl,purple chucks,Tunes from Friends,spotify turn of the century
1074,,,,
1075,awesome metal,male vocal,Bra,glory
1076,thank you,YuM,can,wall of sound
1077,always stuck in my head,middle of the night,songs of love and madness,honest lyrics
1078,favorites,breakcore,Awesome,post-rock
1079,great chorus,uk indie,next big thing,wake up
1080,,,,
1081,,,,
1082,,,,
1083,,,,
1084,,,,
1085,,,,
1086,,,,
1087,,,,
1088,,,,
1089,,,,
1090,,,,
1091,,,,
1092,,,,
1093,,,,
1094,,,,
1095,,,,
1096,,,,
1097,,,,
1098,,,,
1099,,,,
1100,,,,
1101,,,,
1102,,,,
1103,,,,
1104,,,,
1105,,,,
1106,,,,
1107,,,,
1108,,,,
1109,,,,
1110,,,,
1111,,,,
1112,,,,
1113,,,,
1114,,,,
1115,,,,
1116,,,,
1117,,,,
1118,,,,
1119,,,,
1120,,,,
1121,,,,
1122,,,,
1123,,,,
1124,,,,
1125,,,,
1126,,,,
1127,,,,
1128,,,,
1129,,,,
1130,,,,
1131,,,,
1132,,,,
1133,,,,
1134,,,,
1135,,,,
1136,,,,
1137,,,,
1138,,,,
1139,,,,
1140,,,,
1141,,,,
1142,,,,
1143,,,,
1144,best,guilty pleasure,emotional,male vocals
1145,Vince Guaraldi,best version,natal,Navidad
1146,All,female vocalists,christian,relax
1147,No Sleep,americain,afraid,The Srokes
1148,it slowly rises,sleepea,seyli,bringing back memories
1149,sexy,mellow mind expansion,trance,out-pop
1150,previously loved tracks,the very best of 2000 - 2010,Boat Radio,quarkzangsun v1
1151,,,,
1152,mghit,KevinsFavs,U2 3D,covered by Menn Arsins
1153,voci femminili,loved on first listen,bitter olives in the sun,darker than the deepest sea
1154,get over here baby,gin-infused nakedness,songs that will always remind me of 2008,like-they-do-in-the-movies
1155,repeatrepeatrepeat,title is a full sentence,my favorite,Family Archive
1156,lost,1,dd,silence
1157,net schlecht,pick of 2004,fatboye,rocket sauce
1158,british,melancholy,Dreamy,gorgeous
1159,electro,psychedelic,alternative,easy listening
1160,Britsh Classical,pheromones classical,i did it better,277ooo
1161,pippivl,purple chucks,Tunes from Friends,spotify turn of the century
1162,teenage dreams,burning and falling,billy corgan is fcking brilliant,daphne descends
1163,funk,60's,rock band,LSD
1164,Gute Laune-Musik,YYY1,The time of my life,I love
1165,funk,60's,rock band,LSD
1166,misterneck,tom waits - martha,Good repetition,dimanche matin
1167,indiecent music,strong atmosphere,feel me star,Playlist: Lick the Star
1168,songs of my youth,songs that you wanna listen to over and over again,Alternative Guitar Rock,hasenradio
1169,acoustic,woman,pop,kappe jazz
1170,love at first listen,Nerd Rock,smile,Scene
1171,,,,
1172,the best music you will ever hear,winter sounds,smart,magicaly
1173,smuki,wortkarg,klein classical favourites,baroque
1174,favourite,dancing,songs that make you want to sing along,wake up
1175,New Things to Remember,JUMPING TIME,lytte mer,melodical ruin
1176,hyride,gunbound,JKRavensfield,ich liebe dich cr4ke
1177,tri,supimpa boa caraleoquemusica,Carly,the way i feel
1178,Favorite,domillerp0,DOMillerp0c,soul
1179,legend,classic,1995,Favorite
1180,1960's,1962,rock-protopunk,cheers me up
1181,Heartbreaking,pretty,love song,melancholy
1182,HARVEY WALLBANGER,DARK GABLE,ICE CREAM JONES,Nikos Favoriten
1183,my poppish shame,two vocalists,senior year,Seelenfutter
1184,nsbm,male vocalists,songs that make me happy,jazz funk
1185,myth tickle,sunny sundays,time song,Falling for Folk
1186,I love this song,punk rock,Masterpiece,in the lab
1187,songs to download later,Joseph Arthur-ish,real piano ballad,spoolme
1188,community,What a great song,good mood,shiny
1189,90coop,carsongs,scatenone,aitch
1190,post-grunge,pop,alternative pop,female vocalist
1191,make mecry,the word you,nasze,the word my
1192,JR List,swampthing,sweet and bright,Radiotsar approved
1193,songs that are bouncy,clasico,3rd form,Fab Four
1194,A flat major is the best fucking key signature ever,Roaming the Globe,RBN VG,Keep the Fate
1195,cute,90s,rockabilly soul,70s
1196,Guru Josh Project,3,morning sound,1992
1197,back when they were good,wdw,cute,cool bassline
1198,lisvn,peltipurkissa,girly men,okiedokie
1199,koel,radio crash sx,ghey synth pop,The Killers Side
1200,alltimefavs,rbvg,dawns late nite radio,3star
1201,over 5 minutes long,Classic British Metal,Mendigao thrash,fodastico
1202,most inventive song titles,Steez,soundtrack to my adventures campaigning in New York November 2006,riff raff
1203,Progressive rock,Psychedelic Rock,pop,cps
1204,Gowno,olspur hi radio,oh the ticking clocks,rock and roll party
1205,great,MY FAVES,2000s,new
1206,psy-hop,from blue jam,matin,radioparadise
1207,electric guitar effects,mike melodic,music from What About Brian,blueday
1208,Sommer,male vocalist,hmmmm,brit indie rock
1209,anyway u choose to give it,ioio,DanceJ,wrong like me
1210,My Fave,make me  feel  nice,girl power,Love at the First Sight
1211,original,fun,happy,post-rock
1212,Exercise muzak,dance like theres no tomorrow,rhythmic beat,Erleuchtung
1213,happy happy joy joy,pop rock,90s Rock,90s pop
1214,Jakes Station,temazo,the word my,im a little girl and im happy and heart
1215,the word brain,music for total badasses,BRAINSSS,talk nerdy to me
1216,nice,lover mega sex,gratis,active
1217,emo,<3,blueboy yet,I seem to think this song is about me dont I dont I
1218,ominous,1977,dancy,floaty
1219,blingtacular,pop-pickers,brom,somafm
1220,Acapella,top artists,adult contemporary,broken heart
1221,nuodaifav,donsimonsuperchill,indie aceness,i have seen them live
1222,superb song to drive to,electro rock,boogie,cps2006-favorite
1223,this modern life,131,I understand a word,Jills Station
1224,steph 80,four,the word reptile,jangle pop
1225,play me more,fake lounge,future-man,day end
1226,noradrenalina,zrokki,ouvir de madrugada,tragically yours
1227,killer chorus,Alternative  Punk,eclectonia,boyamaca
1228,rocket sauce,lactophobia,BayCon,audioase
1229,memories,Absolutely brilliant,Favorite Artists,makes me cry
1230,tree,singersongwriter,discover,look into
1231,poprock,essential,sixties,Cynical
1232,alt,long,Pop-Rock,my stuff
1233,unforgettable songs from when i was a teenager,Reading Festival 2006,songs that give me chills,How fucking great can a band be
1234,saves my live,100 tracks,Melodic Death Metal,my party
1235,,,,
1236,,,,
1237,to start the day,alltimefavs,upbeat lyrics,so fucking catchy
1238,time,male vocalists,old,
1239,,,,
1240,,,,
1241,,,,
1242,,,,
1243,,,,
1244,cool,amazing oldies,myk judas priest,nwobtm
1245,lost in action,popender-b0lzen,Symphonische Rock,missjudy76
1246,revenge,My Favorites,drugs,drums
1247,great song played at the right time,bananas180,sing like a man no like a fag,bananas180 bananas180
1248,1970s,rock band dlc,heavy rock,amazing
1249,,,,
1250,kick ass,controversial,summer 2004,No 1
1251,laid back,Awesome,deep,nice
1252,Pop goes the music,New late night lax,domillerp0,Boyax
1253,favorite by this group,girly chill music,classic rhodes sound,favorite song
1254,great words,drinking tunes,KJP,songs to sing to
1255,triumphant,converge,Pounding,botch
1256,makes me happy,all the best,party,festival
1257,TopSensuality,sexophoniac,track to keep,freimauris ninja tune
1258,,,,
1259,rocknroll,gute laune,lala,hurricane 2008
1260,paraskaveri,songs with violins,envelope,favorite one-liners
1261,memories,groove,experimental,work
1262,nmml,28-Jan,Cancion para salir a andar en bici,RBN VG
1263,najwiekszy pe ever,limecore,spooning music,chek
1264,list-datomm,the strokes - you talk way too much,vivacubalibre loved tracks,The Darknes
1265,Personofinterest,oliver sim,p6dramaja,play me more
1266,TaureRock,slgdm,inspirational,3Vandaag
1267,good times music,hectical,in memoriam music,Too slow
1268,chill,male vocals,slowdancing,cinema
1269,The Bruce Dickinson Metal,Hymns for Heathens,nu metal thomas,TheBestOfAleysterCrowley
1270,blues rock,the source of heavy metal,great bass,Metal Gods
1271,sooz cropredy,gitarr i skogen,wondo time,i would play this on my radio show
1272,,,,
1273,Rock Radio Staple,loved by hottybotty,The Rolling Stones - You Cant Always Get What You Want,good
1274,Legendary,melodic,killer groove,catchy
1275,vendemelo,best of band,track to check again,master of puppets
1276,classic pop,oldie,male vocalist,amayzes loved
1277,latitude 2k10,Breakup songs,no over days,evening
1278,numbers,Fat Boy Slim,party time,42
1279,play,sing,dance track,life
1280,legends,1980s,good mood,British Punk
1281,the word woman,britt,312472,Peter Gouwe Ouwe
1282,home,,proto metal,
1283,,,,
1284,,,,
1285,,,,
1286,,,,
1287,,,,
1288,,,,
1289,,,,
1290,,,,
1291,,,,
1292,,,,
1293,,,,
1294,,,,
1295,,,,
1296,,,,
1297,,,,
1298,,,,
1299,,,,
1300,,,,
1301,,,,
1302,,,,
1303,,,,
1304,,,,
1305,,,,
1306,,,,
1307,,,,
1308,,,,
1309,,,,
1310,,,,
1311,,,,
1312,,,,
1313,,,,
1314,,,,
1315,,,,
1316,,,,
1317,,,,
1318,,,,
1319,,,,
1320,,,,
1321,,,,
1322,,,,
1323,,,,
1324,,,,
1325,,,,
1326,,,,
1327,,,,
1328,,,,
1329,,,,
1330,,,,
1331,,,,
1332,,,,
1333,,,,
1334,,,,
1335,,,,
1336,,,,
1337,,,,
1338,,,,
1339,,,,
1340,,,,
1341,,,,
1342,,,,
1343,,,,
1344,experimental ambient,ambient trance,trance techno,break beat
1345,orixa,musica popular brasileira,world beats,tim
1346,improvised,car,travel,argentinian
1347,tim,alternativa,Binaural,string
1348,musica latina,haiti,string,brasileiro
1349,,,,
1350,,,,
1351,eclectic,folk rock,The White Stripes,female vocalists
1352,jumping around da house,others I like,opera vocal,sprawdz to
1353,,,,
1354,,,,
1355,,,,
1356,,,,
1357,,,,
1358,,,,
1359,,,,
1360,,,,
1361,,,,
1362,,,,
1363,,,,
1364,,,,
1365,,,,
1366,,,,
1367,,,,
1368,,,,
1369,,,,
1370,,,,
1371,,,,
1372,,,,
1373,,,,
1374,,,,
1375,,,,
1376,,,,
1377,,,,
1378,,,,
1379,,,,
1380,,,,
1381,,,,
1382,,,,
1383,,,,
1384,,,,
1385,,,,
1386,,,,
1387,,,,
1388,,,,
1389,,,,
1390,,,,
1391,,,,
1392,,,,
1393,,,,
1394,,,,
1395,,,,
1396,,,,
1397,,,,
1398,,,,
1399,,,,
1400,,,,
1401,can't help but dance,alcohol,running,dance pop
1402,,,,
1403,,,,
1404,,,,
1405,,,,
1406,,,,
1407,,,,
1408,,,,
1409,,,,
1410,,,,
1411,,,,
1412,,,,
1413,,,,
1414,,,,
1415,,,,
1416,,,,
1417,,,,
1418,,,,
1419,,,,
1420,,,,
1421,,,,
1422,kivoja,My pop music,gnome land,groovy
1423,,,,
1424,,,,
1425,,,,
1426,,,,
1427,,,,
1428,,,,
1429,,,,
1430,,,,
1431,,,,
1432,,,,
1433,,,,
1434,,,,
1435,,,,
1436,,,,
1437,,,,
1438,,,,
1439,,,,
1440,,,,
1441,,,,
1442,,,,
1443,,,,
1444,life-changing soul-crushing,my-dipreshon,pan di zenzero e fiocchi di neve,why I listen to music
1445,another planet,SiGOR rOS,songs to sleep to,guitarr
1446,Minor Threat,funk-rock,male vocalist,SoCal
1447,seen live 8-26-06 hartford,lance armstrong,damienmdk,femalesinger
1448,i can roll,para ficar bem louco,jingly jangly,do you really want crescentfresh tunes
1449,border blaster,soundtracks to terror,iguana,snarky poetry from stanard
1450,truer words,her voice gives me little orgasms,beautiful and stuff,fasam-bazaha
1451,do sports,blues,number one hits,movie soundtracks
1452,,,,
1453,,,,
1454,,,,
1455,,,,
1456,everytime classics,essentials,Sometime Mood,Art Garfunkel
1457,,,,
1458,,,,
1459,,,,
1460,,,,
1461,,,,
1462,,,,
1463,,,,
1464,,,,
1465,,,,
1466,,,,
1467,,,,
1468,,,,
1469,,,,
1470,,,,
1471,,,,
1472,,,,
1473,,,,
1474,,,,
1475,90's,witty,Yankovic,lol
1476,,,,
1477,,,,
1478,,,,
1479,,,,
1480,,,,
1481,,,,
1482,,,,
1483,jazz,JMT,classic rock,Spy Rock
1484,,,,
1485,,,,
1486,,,,
1487,,,,
1488,,,,
1489,,,,
1490,,,,
1491,,,,
1492,,,,
1493,,,,
1494,,,,
1495,,,,
1496,,,,
1497,,,,
1498,,,,
1499,,,,
1500,,,,
1501,,,,
1502,,,,
1503,,,,
1504,,,,
1505,,,,
1506,,,,
1507,,,,
1508,,,,
1509,,,,
1510,,,,
1511,,,,
1512,,,,
1513,,,,
1514,,,,
1515,,,,
1516,,,,
1517,,,,
1518,,,,
1519,,,,
1520,,,,
1521,,,,
1522,,,,
1523,,,,
1524,,,,
1525,,,,
1526,,,,
1527,,,,
1528,,,,
1529,,,,
1530,,,,
1531,interesting,Wicked,perfect,rock n roll
1532,,,,
1533,,,,
1534,,,,
1535,,,,
1536,,,,
1537,,,,
1538,,,,
1539,,,,
1540,,,,
1541,,,,
1542,,,,
1543,,,,
1544,acclaimed music top 3000,i love singing along,90405,happy melancholy
1545,weird production,i love singing along,demod,smmmm
1546,indie pop rocks,stuff I should be able to inject directly into my blood,nice,na na na
1547,Dreamy,RS 500,male vocalists,Like
1548,pure-,yciowe ulubiece,justin hayward,orchestra
1549,poprock,essential,sixties,Cynical
1550,repeatrepeatrepeat,title is a full sentence,my favorite,Family Archive
1551,cool,dash,rock,kneesocks danceclub
1552,-3,wardy 54 weird stuff,trii,pearl-jam-like
1553,2006,check later,gentle,downtempo
1554,weather,rock like it should be,shrimp,alternative dance
1555,psychobaby,indole wave,girlsgirlsgirls,audiosurf
1556,get up and dance,rock & roll,Fiery,Shady
1557,Awesome,Love,alternative rock,punk fucking rock
1558,classic pop,oldie,male vocalist,amayzes loved
1559,chillout,boots with the fur,Mellow,sleepwear
1560,party,rock band,music,social
1561,Rock Radio Staple,1,Favorite Artists,soft rock
1562,songs that make you feel better,East Coast,cody chestnutt,six feet under
1563,musical journey,pop rock,sexy,Beelloved
1564,elamona,B3ZMONDE,uitluisteren otherdays,all mee
1565,ost,90s,Coldplay,nice
1566,chester powers,Toth,british hard rock,Murder ballad
1567,relax,road,visual,the best
1568,Best of,country in title,rock'n'roll,positive
1569,easy 4 a sunday morning,album rock,songs about fictional reptiles,nostalgia
1570,better then radiohead,freaky hot,IPC,fig roll
1571,male vocals,come hither,Andi,tolle musik
1572,thesecondtierofperfectsongs,zum heulen schoen,worte,songs you must sing along with
1573,acclaimed music top 1000 of 2007,critically acclaimed song,f,jacksonville
1574,power,favorite tracks,Punk-Rock,ska punk
1575,P-E-R-F-E-C-T,playlista rmf fm,ugly men,ccut
1576,away,sing along,Rock on,80s
1577,not-in-mood,atmospheric,new favorite,cheers me up
1578,kiss my eyes and lay me to sleep,Mercury Prize winners,Autumn chill,my gang rotw
1579,dancing,halloween,brilliant,haunting
1580,great ending,Pop-Rock,easy,happiness
1581,melt 2008,favourite songs 2008,can you hear the drums fernando,boing boing spring
1582,nice,80s,blues-rock,ambience
1583,I wear emerald crowns,ruhe,Iron and Wine - Naked as We Came,bliss
1584,uk rock,interesting,beck,Retro
1585,Mark Blei,My Groovy,My G-g-generation songs,moonbeams
1586,female vocals,female vocalist,fun,groovy
1587,Just you and me,my life,best tracks of 2007,narrative
1588,paleys watch,jrc richardson,sassa-geil,jrcrichardson
1589,cadmiumcandy,beautiful title,cadmium candy,UN DIA CON LAGRIMAS
1590,tom waits mojo,friends top ten,-20,para parar los pelos
1591,ga ik zien,songs to download later,stuff i will own really soon,my indie pop
1592,stuff I love,Suedehead,pop soul,70s soul
1593,w,download,meditative,Remember
1594,moody,singer-songwriter,electronica,indie
1595,Teh Typos,gogogo,sonidos azules,similar tracks: arcade fire - Intervention
1596,dance top,classic rock,favorite songs,gdchills90s
1597,superb song to drive to,electro rock,boogie,cps2006-favorite
1598,vietnam,psychodelic rock,Rock Progresivo,wonderland
1599,alt,high,brilliant,interesting
1600,Energetic,male vocalist,USA,The Good Stuff
1601,Pop-Rock,acoustic guitar riffs,mpsvdloved,fun
1602,Miti,kivoja,gimmas kc-like,leijuvaa
1603,get em,indierock,nostalhic,desperate
1604,tantotempotaste,acclaimed music top 3000,TELECFUNKNOHAUSINDUBSTRIALBREAKSTEP,attitude
1605,Acoustic Rock,Alternative Indie Rock,alternative indie,folk rock
1606,my rockin,brendon urie,Ro-music,numbered
1607,Crema,kininaru,skott likes this and I do too,wanna listen more
1608,bass,love at first listen,other,opening track
1609,all time faves,favorites,haunting,party
1610,Love,5,Grunge,sky
1611,All,female vocalists,christian,relax
1612,favorite song,perfect,optimistic,weird
1613,electrorock,Chicks that Rock,Like,energizing
1614,electrorock,Chicks that Rock,Like,energizing
1615,check out later,nasty,living legends,goat
1616,,,,
1617,,,,
1618,,,,
1619,1 Peter,2 John,2 Peter,3 John
1620,,,,
1621,community,What a great song,good mood,shiny
1622,,,,
1623,,,,
1624,,,,
1625,,,,
1626,,,,
1627,,,,
1628,,,,
1629,,,,
1630,,,,
1631,,,,
1632,,,,
1633,,,,
1634,,,,
1635,amazing,6 of 10 stars,harfang epic,liberty rock radio
1636,,,,
1637,listen ccpl,taure60s,8 of 10 stars,70s collections
1638,This will be fun,laid back grooves,perle,blingtacular
1639,,,,
1640,,,,
1641,,,,
1642,,,,
1643,,,,
1644,favourite tracks,Rock Radio Staple,xt force,8 of 10 stars
1645,fallen,makes me happy,super fantastische,Yay
1646,aitchknight,Alex Frecon,country,adam sapphire
1647,360shift,music to listen while pederasting,mi likes,white apple
1648,rapcore,industrial metal,sickness,funny
1649,California,One of the best songs ever,radioultra,The
1650,UK top 40,Me gusta,check this out,title tracks
1651,boz88,new york city rocks,Competing aginst Win in the Who Sounds More Like David Byrne Contest,tonight belongs to you alone
1652,agressive,alt rock,indie,nice
1653,spiderman,5th ave,Workout,happy
1654,5 temas geniales,transitglambat,I want back to the 80s,gore kutherrie
1655,nice,happy,pretty,cold case
1656,favoriten,fresh,british,synth
1657,breakcore idm,vurtua1s poker,Good Ol Days,Nouveau Pop
1658,ThemeTune,My pop music,celebrity trainwrecks,radioparadise
1659,Vibe,road trip,party music,suicide
1660,chillout,Precious,nice,rainy days
1661,scanners,recos,back then psych,lines
1662,innovation,Killer Tune,Dynamics,90s metal
1663,preciso de pouco para ser feliz,dolcix,best riding song,mtdew62863
1664,perfect songs,Chicks that Rock,Love it,daydream
1665,Perfect Circle,reminds me of someone,numbers,male vocalists
1666,st-rbfs,billboard number ones 1980s,md-funky,yaaaaaaaah
1667,darkeststar73bestsong,classic rock-baladas,sweet and laidback,moonbeams
1668,hey scenesters,ihatecops,monkeys rocker,i could dance to this one
1669,sophisticated,favorite songs,stuff,60s
1670,foot tapping and head bobbing,happiness,80s collections,gb1 greatest ever
1671,extremely addictive,have been stuck in my head a ridiculous amount of times,i could be happy,so girlie
1672,break-up,running,magia,study
1673,rock,fmelancholy,gentle,de todo mio favoritos
1674,RS 500,heaven and hell,aitchepic,good day
1675,,,,
1676,music for people with superior taste,definitely something going on upstairs,Top 100 of 2008,Q magazine best of 2008
1677,good ghosts from the past,Psychedelic Rock,funky,chillout
1678,scatenone,stroke my organ,cool hammonds,Queens of the Stone Age - Rock
1679,Sad old men,pennen,my acoustic playlist,lucipro
1680,songs that make you feel better,East Coast,cody chestnutt,six feet under
1681,san francisco,beautiful,pop rock,happy
1682,degrassi titles,Putzen,hinterground,no better song
1683,Pop-Rock,acoustic guitar riffs,mpsvdloved,fun
1684,community,What a great song,good mood,shiny
1685,lovesongs,easy,Great Driving Songs,Perfection
1686,80s,Grunge,metal,jazz
1687,favourite 00s,glittering raspberry dancefloors,QElectro,Sex Party
1688,10 of 10 stars,USA,classic rock,gta san andreas
1689,80 2000 mio favoritos,buzzlines,aerotodor,Irwell
1690,the word snow,MBO-Candy,the word foot,kitchentabletrack
1691,music to move to,drinking tunes,rock top,power voice
1692,absolutely genius,candidate4265,party in my ears,favs4265
1693,guitar,happiness,english,weekend
1694,cool,zajebiste,Love,cookies
1695,obsessions,and you will know us by the trail of dead,bliss,2006
1696,ballady,songs of my life,Varios,ingles
1697,85 bpm,javajustice,highway tunes,wr1
1698,acoustic rhythm guitars,Name Droppers,apartment soundtrack,songs about murder
1699,favorit,guitar virtuoso,Legendary,Hard
1700,Altar of the Metal Gods Black Metal,Altar of the Metal Gods Doom Metal,Altar of the Metal Gods Death Metal,Altar of the Metal Gods Power Metal
1701,Deployment,spiderpoptarts,frayed edges,Angie 1379
1702,male,music,Favorite,chanson
1703,i cant believe why i am listening to this,Energetic,hypnotic shit,the fame monster
1704,Bluesy Alt-rock,raspberry juice,nutshell radio,Almost Legend
1705,fhEasy,Dangerous BMT,familiarity,antenaum
1706,the word between,emo-pop,Bridge,Faves
1707,top500,Energetic,rock-protopunk,Makes Me Smile
1708,Have Seen Live,marry me,Amazing music,i love it
1709,beautiful percussion,jaz,legochillin,Pure Beauty
1710,favorites,thrash metal,punk rock,post-grunge
1711,Awesome,Sludge,post-rock,cool
1712,blingtacular,pop-pickers,brom,somafm
1713,LOVELOVE,canadian eh,delicious tracks,10s
1714,christian underground,folkish,md-feel strange,beauty
1715,new gay music,mazaras,Absolutely takes my breath away,i know every single word
1716,ga ik zien,songs to download later,stuff i will own really soon,my indie pop
1717,when we were older and our hair was longer,walkman music,flaming l,shit i adore
1718,lawlz,21st century,Top1000,The Killers Favorites
1719,ccpl playlist,love ccpl,ccpl like,workplace mix radio ccpl
1720,indiesches,crying for help,ifpopdidntmeanbritneyspears,4 and a half stars
1721,loved,hard rock,maidavalelover was here,peel sessions
1722,noradrenalina,zrokki,ouvir de madrugada,tragically yours
1723,electropop,Avant-Garde,upbeat,party
1724,Detroit Rock,bitchin,Seminal,American Punk
1725,black inside,synksynk,90s rulez,songs that blow my mind
1726,Soft Rythm,HEAVY BBALADS,something my head needs late at night,hard hard hard hard hard hard hard hard hard hard hard hard hard hard hard hard hard hard hard hard hard hard hard hard hard hard hard hard hard hard hard hard hard hard hard hard sex electro
1727,brds,sorry stormchasar,seen live 2009,right there beside you
1728,USA,pop,digital hardcore,ambient
1729,JUNNER,hard hard hard hard hard hard hard hard hard hard hard hard hard hard hard hard hard hard hard hard hard hard hard hard hard hard hard hard hard hard hard hard hard hard hard hard sex electro,hardnhot,delicious drums
1730,White Stripes no - Little Ghost,oo Lijk,music for cowboys,Lilian Lies
1731,,,,
1732,one of the greatest songs ever,great song,sheer awesome,old
1733,Orgasmic,awesomeness,stoner metal,stoner
1734,b-side,ok,okay,whee
1735,Iron Maiden,Crunchy,Megadeth,
1736,cry,,work music,
1737,,,,
1738,,,,
1739,,,,
1740,,,,
1741,,,,
1742,good,2005,experimental,psychedelic
1743,,,,
1744,2001,Old Tree,Creepoid,Rock
1745,2002,Spring Day 1,Amar Lal,Singer/Songwriter
1746,2003,Excessive Resistance to Change,Joel Helander,Classical
1747,2004,Flying,Aimee Norwich,World/Folk
1748,2005,Waterduct,Ava Luna,Rock
1749,2006,Air Traffic,Clara Berry and Wooldog,Singer/Songwriter
1750,2007,Heavy Love,Dreamers of the Ghetto,Pop
1751,2008,Disturbing Wildlife,Invisible Familiars,Singer/Songwriter
1752,2009,Definition,Joel Helander,Classical
1753,2010,Yatora,Karim Douaidy,World/Folk
1754,2011,Toynbee Suite,Lushlife,Rap
1755,2012,Impressions of Saturn,Matthew Entwistle,Classical
1756,2013,The Arch,Matthew Entwistle,Classical
1757,2014,You Listen,Meaxic,Rock
1758,2015,Bester Jungling,NYU,Classical
1759,2016,Chinese Jiang Nan,Music Delta,World/Folk
1760,2017,Funk Jazz,Music Delta,Jazz
1761,2018,Modal Jazz,Music Delta,Jazz
1762,2019,The Broken Pledge - Chicago Reel,Phoenix,World/Folk
1763,2020,The Collier's Daughter,Phoenix,World/Folk
1764,2021,Stay Even,Port St Willow,Singer/Songwriter
1765,2022,Mignon (Kennst du das Land) Op.92a Mvt.1,NYU,Classical
1766,2023,Spacestation,Strand of Oaks,Pop
1767,2024,Captain Sky,Tabla Breakbeat Science,Electronic/Fusion
1768,2025,Rock Steady,Tabla Breakbeat Science,Electronic/Fusion
1769,2026,Scorpio,Tabla Breakbeat Science,Electronic/Fusion
1770,2027,Vermont,The Districts,Rock
1771,2028,Les Fleurs Du Mal,The Scarlet Brand,Rock
1772,2029,Night Owl,A Classic Education,Singer/Songwriter
1773,2030,990,In Faded Glory,"rock,indie,acoustic,pop,energetic,drama,entertainment,energy,vocal,electric,male,bass,drum,electricguitar"
1774,2031,Go,No,"n/a,folk"
1775,2032,Song For Jade,Kryptic Mood,"pop,rock,electronic,psychedelic,new"
1776,2033,Uranium,Hunt Club,"rock,punk,acoustic,pop,adventure,soundtrack,vocal,movie,brooklyn,electric,male,voice"
1777,2034,Hey! beauty,Jacques COUTURIER,"pop,chanson,jazzycool,chansoncrooner"
1778,2035,Mit dem Unibalett im Ulmer Monster tanzen,Die Partysahnen,"rock,punk,pop,indie,german"
1779,2036,Feel-ipson,Feel-ipson,"pop,electronic,experimental"
1780,2037,Dreamworld,engeo,"pop,acoustic,rock,soft,ballad,love,expresive"
1781,2038,rouge et blues,Fabrice Collette,"blues,pop,chanson,acoustic,adventure,french,vocal,cool,electric,male,voice"
1782,2039,Le Blues du Fantome,FOOL DADAZ FIRE,"pop,jazz,chanson,soul,love,vocal,cool,smooth,electric,male,voice,drum,electricguitar"
1783,2040,FUCK THE WAR,Ralph Buckley,"acoustic,pop,rock,adventure,political,vocal,peace,war,electric,male,electricguitar,voice,guitar"
1784,2041,Little White Church,Steven Dunston,"pop,acoustic,easylistening,poprock,relaxing,energetic,religious,energy,vocal,electric,male,piano,voice,organ"
1785,2042,Classical Delay,Ogg Vorbis,"groove,electronic,experimental,jazz"
1786,2043,Summer,Matti Paalanen,"jazz,easylistening,travel,adventure,electric,instrumental,drum,electricguitar,guitar"
1787,2044,Habanera,Manuzik,"world,ethno,electronic,lounge,spanish,culture,electrojazz,electric,instrumental"
1788,2045,Jazzy Mode,Behrang Shegarfkar,"jazz,classical,acoustic,instrumental,energetic,energy,piano"
1789,2046,O Pindo,PELdeNOZ,"jazz,folk,celtic,acoustic"
1790,2047,La note en cage,AdHoc,"jazz,funk,instrumental,lounge,soleil,metisse,electric,saxophone,bass,drum"
1791,2048,Travelling in balochistan - late night highway,Maneros productions,"rock,pop,punk,hiphop"
1792,2049,Lonely Fool,Steve.e!,"electronic,hiphop,lofi,drumnbass,adventure,sad,beat,electric,instrumental,drum,sampler,synthesizer"
1793,2050,Homecoming,BeatRaider,"hiphop,electronic,adventure,beats,intrumental,beatraider,electric,instrumental"
1794,2051,a fleur de peau,elbrujo,"rap,hiphop,bon,inovateur"
1795,2052,Les 3 singes,Juice lee,"rap,hiphop,melodic,piano,violin"
1796,2053,Neon,ADC LEVEL,"electronic,techno,ambient,hiphop"
1797,2054,Interlude,Tom La Meche,"jazz,blues,improvisation,lounge,soft,chillout,electrojazz,cool,electric,instrumental,guitar,electricguitar,bass"
1798,2055,Vide grenier,Goo Goo Cluster,"reggae,blues,rock,soul,horns"
1799,2056,happy child singing,Ruediger Kramer,"jazz,experimental,blues,improvisation,chillout,adventure,electric,instrumental,saxophone,drum,synthesizer"
1800,2057,Au Feu,La Verue,"rock,blues,acoustic,punk,energetic,soundtrack,society,energy,vocal,commercial,electric,male,bass,drum,electricguitar"
1801,2058,Inside Views,La Verue,"rock,blues,acoustic,grunge,crime,political,society,vocal,bar,rebelle,electric,male,bass,drum,electricguitar"
